[
    {
        "nombre": "ChambaPhone X",
        "descripcion": "El smartphone más avanzado de Chamba Store con cámara de 108MP y batería de larga duración.",
        "precio": 999.99,
        "empaquetado": "Caja ecológica",
        "imagen": "/static/ChambaPhone.png",
        "fecha_agregado": "20/11/2025 18:09"
    },
    {
        "nombre": "ChambaLaptop Pro",
        "descripcion": "Portátil ultraligero con procesador de última generación y pantalla Retina.",
        "precio": 1299.99,
        "empaquetado": "Estuche protector",
        "imagen": "/static/ChambaLaptopPro.png",
        "fecha_agregado": "20/11/2025 18:09"
    },
    {
        "nombre": "ChambaWatch Series 5",
        "descripcion": "Smartwatch con monitorización de salud y conectividad total.",
        "precio": 399.99,
        "empaquetado": "Caja premium",
        "imagen": "/static/ChambaWatch.png",
        "fecha_agregado": "20/11/2025 18:09"
    },
    {
        "nombre": "ChambaBuds Wireless",
        "descripcion": "Auriculares inalámbricos con cancelación activa de ruido y sonido envolvente.",
        "precio": 149.99,
        "empaquetado": "Estuche de carga",
        "imagen": "/static/ChamBabuds.png",
        "fecha_agregado": "20/11/2025 18:09"
    },
    {
        "nombre": "ChambaTablet S10",
        "descripcion": "Tablet versátil para trabajo y entretenimiento con pantalla de alta resolución.",
        "precio": 499.99,
        "empaquetado": "Funda protectora",
        "imagen": "/static/ChambaTablet.png",
        "fecha_agregado": "20/11/2025 18:09"
    },
    {
    "nombre": "ChambaMouse X-Pro",
    "descripcion": "Ratón ergonómico de alto rendimiento con sensor óptico de precisión y conectividad dual.",
    "precio": 59.99,
    "empaquetado": "Caja rígida",
    "imagen": "/static/ChambaMouse.png",
    "fecha_agregado": "20/11/2025 18:09"
    },
    {
    "nombre": "ChambaKeys MK-1",
    "descripcion": "Teclado mecánico compacto (75%) diseñado para rendimiento y confort. Teclas retroiluminadas RGB, switches táctiles de baja respuesta y reposamuñecas ergonómico extraíble. Ideal para trabajo y gaming, con teclas programables y conexión USB-C de alta velocidad.",
    "precio": 89.99,
    "empaquetado": "Caja premium con reposamuñecas",
    "imagen": "/static/ChambaKeys.png",
    "fecha_agregado": "20/11/2025 18:09"
}
]