[
    {
        "autor": "Leonardo Dicaprio",
        "texto": "Sublime !! Tanto la rapidez de entrega como el servicio post-venta son inmejorables.",
        "valoracion": 5,
        "fecha": "19/11/2025 20:13"
    },
    {
        "autor": "Antonio Recio",
        "texto": "Desde que compré este portátil (Chambatron), mis FPS son más estables que mi vida amorosa.",
        "valoracion": 4,
        "fecha": "19/11/2025 20:13"
    },
    {
        "autor": "Miky Olveira",
        "texto": "Los auriculares FullChamba Audio cancelan tanto el ruido que no escuché a mi madre llamarme para cenar.",
        "valoracion": 5,
        "fecha": "19/11/2025 20:13"
    },
    {
        "autor": "Bad Bunny",
        "texto": "Desde que uso el ratón ChambaMouse, mi puntería mejoró tanto que mis enemigos me reportan por hacks.",
        "valoracion": 5,
        "fecha": "19/11/2025 20:13"
    },
    {
        "autor": "Miky Olveira",
        "texto": "La televisión ChambaVision™ 4K SmartTV tiene colores tan vivos que mi gato intenta cazar los peces.",
        "valoracion": 5,
        "fecha": "19/11/2025 20:13"
    },
    {
        "autor": "Lucas Garrido",
        "texto": "Le pedí a Mael ayuda para comprar un ordenador, pero la experiencia fue muy pobre. No volvería a pedirle consejo.",
        "valoracion": 2,
        "fecha": "19/11/2025 20:13"
    },
    {
        "autor": "Test User",
        "texto": "Comentario de prueba",
        "valoracion": 4,
        "fecha": "20/11/2025 16:19"
    },
    {
        "autor": "Ale",
        "texto": "La Champlay me pareció de calidad normal y su precio es muy alto",
        "valoracion": 3,
        "fecha": "21/11/2025 12:42"
    },
    {
        "autor": "lucas la cabra",
        "texto": "Hola que tal",
        "valoracion": 5,
        "fecha": "21/11/2025 12:04"
    },
    {
        "autor": "Marina",
        "texto": "prueba",
        "valoracion": 5,
        "fecha": "22/11/2025 10:24"
    },
    {
        "autor": "Marina",
        "texto": "movil",
        "valoracion": 4,
        "fecha": "22/11/2025 10:31"
    },
    {
        "autor": "prueba",
        "texto": "prueba de portátil",
        "valoracion": 3,
        "fecha": "22/11/2025 10:46"
    },
    {
        "autor": "Marina",
        "texto": "movil",
        "valoracion": 5,
        "fecha": "22/11/2025 10:55"
    }
]