{
    "Marina": {
        "compras": [
            {
                "fecha": "21/11/2025 20:19",
                "estado": "finalizada",
                "productos": [
                    {
                        "nombre": "ChambaPhone X",
                        "precio": 999.99,
                        "cantidad": 1
                    }
                ],
                "fecha_compra": "21/11/2025 20:19"
            },
            {
                "fecha": "21/11/2025 20:20",
                "estado": "finalizada",
                "productos": [
                    {
                        "nombre": "ChambaWatch Series 5",
                        "precio": 399.99,
                        "cantidad": 1
                    }
                ],
                "fecha_compra": "21/11/2025 20:20"
            },
            {
                "fecha": "22/11/2025 10:24",
                "estado": "finalizada",
                "productos": [
                    {
                        "nombre": "ChambaBuds Wireless",
                        "precio": 149.99,
                        "cantidad": 3
                    }
                ],
                "fecha_compra": "22/11/2025 10:24"
            },
            {
                "fecha": "22/11/2025 10:55",
                "estado": "finalizada",
                "productos": [
                    {
                        "nombre": "ChambaLaptop Pro",
                        "precio": 1299.99,
                        "cantidad": 1
                    }
                ],
                "fecha_compra": "22/11/2025 10:55"
            }
        ],
        "notificaciones": [
            {
                "texto": "tambien te puede interesar: ChambaKeys MK-1",
                "link": "/catalogo",
                "fecha": "22/11/2025 11:26",
                "tipo": "recomendacion"
            },
            {
                "texto": "tambien te puede interesar: ChambaMouse X-Pro",
                "link": "/catalogo",
                "fecha": "22/11/2025 11:26",
                "tipo": "recomendacion"
            },
            {
                "texto": "Tu categoría favorita es: Smartphones, por ello te recomendamos: ChambaTablet S10",
                "link": "/catalogo",
                "fecha": "22/11/2025 11:26",
                "tipo": "recomendacion"
            }
        ]
    },
    "prueba": {
        "compras": [
            {
                "fecha": "22/11/2025 10:44",
                "estado": "finalizada",
                "productos": [
                    {
                        "nombre": "ChambaWatch Series 5",
                        "precio": 399.99,
                        "cantidad": 1
                    },
                    {
                        "nombre": "ChambaBuds Wireless",
                        "precio": 149.99,
                        "cantidad": 1
                    }
                ],
                "fecha_compra": "22/11/2025 10:44"
            }
        ],
        "notificaciones": [
            {
                "texto": "Explora nuestro catálogo",
                "link": "/catalogo",
                "fecha": "22/11/2025 10:46",
                "tipo": "recomendacion"
            }
        ]
    },
    "prueba2": {
        "compras": [
            {
                "fecha": "22/11/2025 11:29",
                "estado": "finalizada",
                "productos": [
                    {
                        "nombre": "ChambaMouse X-Pro",
                        "precio": 59.99,
                        "cantidad": 1
                    }
                ],
                "fecha_compra": "22/11/2025 11:29"
            },
            {
                "fecha": "22/11/2025 11:29",
                "estado": "finalizada",
                "productos": [
                    {
                        "nombre": "ChambaWatch Series 5",
                        "precio": 399.99,
                        "cantidad": 1
                    }
                ],
                "fecha_compra": "22/11/2025 11:29"
            }
        ],
        "notificaciones": [
            {
                "texto": "Tambien te puede interesar: ChambaLaptop Pro",
                "link": "/catalogo",
                "fecha": "22/11/2025 11:29",
                "tipo": "recomendacion"
            },
            {
                "texto": "Tambien te puede interesar: ChambaPhone X",
                "link": "/catalogo",
                "fecha": "22/11/2025 11:29",
                "tipo": "recomendacion"
            },
            {
                "texto": "Tu categoría favorita es: General, por ello te recomendamos: ChambaKeys MK-1",
                "link": "/catalogo",
                "fecha": "22/11/2025 11:29",
                "tipo": "recomendacion"
            }
        ]
    }
}